Model,Accuracy,Precision,Recall,F1-Score,ROC-AUC,Training Time (s)
Neural Network,0.9853668807242868,0.0,0.0,0.0,0.8338126614093342,4.436461448669434
Decision Tree,0.970891672807664,0.05787781350482315,0.06474820143884892,0.06112054329371817,0.5245757240361557,0.7399399280548096
Logistic Regression,0.7963469838930414,0.05190915897179935,0.7482014388489209,0.0970828471411902,0.8257160617659719,1.612511396408081
Naive Bayes,0.05079482050742183,0.014917217638380416,0.9820143884892086,0.029388018730825125,0.5152867129373424,0.14063334465026855
